TITLE,TYPE,RELEASE,WEBURL
Mangal Pandey,movie,2005-08-11T18:30:00.000Z,/movie/watch-mangal-pandey-movie-online-4264759f2c4f96c1c26c62c72f330ccd
Hum Aapke Hai Koun,movie,1994-08-04T18:30:00.000Z,/movie/watch-hum-aapke-hai-koun-movie-online-76401e6494d9d0f78a534fbca66cbc09
Kurbaan,movie,2009-11-19T18:30:00.000Z,/movie/watch-kurbaan-movie-online-177855088c7a16d1cc9d6925bd7893d7
Sarfarosh,movie,1999-04-29T18:30:00.000Z,/movie/watch-sarfarosh-movie-online-492f944e174545e1fbc3fcde4be7fea3
Lagaan,movie,2001-06-14T18:30:00.000Z,/movie/watch-lagaan-movie-online-1469ba738352c628f24dfe4e5dd4219e
Dil Chahta Hai,movie,2001-07-23T18:30:00.000Z,/movie/watch-dil-chahta-hai-movie-online-2326acacb70000b32387afd5d9a6a632
Dil Ne Jise Apna Kahaa,movie,2004-09-09T18:30:00.000Z,/movie/watch-dil-ne-jise-apna-kahaa-movie-online-33df90eef9075c295419f45ae4536edd
Mela,movie,2000-01-06T18:30:00.000Z,/movie/watch-mela-movie-online-9a7879bc59f512596d0ee6ea63e652d3
3 idiots,movie,2009-12-24T18:30:00.000Z,/movie/watch-3-idiots-movie-online-e98e174d0ed8fc6d0ce63140c9759028
Baghban,movie,2003-10-02T18:30:00.000Z,/movie/watch-baghban-movie-online-1e4a07a4764828a283b84ec4407ba4ac
Jannat 2,movie,2012-05-03T18:30:00.000Z,/movie/watch-jannat-2-movie-online-7a9305db0c24926883030bb8d5cc0a7a
Fashion,movie,2008-10-28T18:30:00.000Z,/movie/watch-fashion-movie-online-a2322753b4498bcc265b2334b093bd54
A Gentleman,movie,2017-08-24T18:30:00.000Z,/movie/watch-a-gentleman-movie-online-2fe519bfb8efa27ce83686147a0bb8fa
Saawariya,movie,2007-11-08T18:30:00.000Z,/movie/watch-saawariya-movie-online-5993030d45ea60068110c43554a0da6d
Gangs of Wasseypur 1,movie,2012-06-21T18:30:00.000Z,/movie/watch-gangs-of-wasseypur-1-movie-online-25b75acb1a90fec36306311f9d92ee2f
Alone,movie,2015-01-15T18:30:00.000Z,/movie/watch-alone-movie-online-df1009d6f9f3c369aefe7d96f7ea6d24
gangs of wasseypur 2,movie,2012-08-07T18:30:00.000Z,/movie/watch-gangs-of-wasseypur-2-movie-online-0b13357c15ab2317625b1ed5c6f6bb1b
Ghayal Once Again,movie,2016-02-04T18:30:00.000Z,/movie/watch-ghayal-once-again-movie-online-8388f4f51c3f2b231d9b5907c3a2a139
Wake Up Sid,movie,2009-10-01T18:30:00.000Z,/movie/watch-wake-up-sid-movie-online-4cdfc48667601bdca00e994f9b486899
Calendar Girls,movie,2015-09-24T18:30:00.000Z,/movie/watch-calendar-girls-movie-online-bce2081481d66d8e80dcdd93f5c0e4dc
Inspector Vijay (Hindi Dub),movie,2018-12-06T18:30:00.000Z,/movie/watch-inspector-vijay-movie-online-9475f027184e930478a887c0ad95e491
The Return of Abhimanyu (Hindi Dub),movie,2018-05-10T18:30:00.000Z,/movie/watch-the-return-of-abhimanyu-movie-online-e7b1feaeaf9d8501dc6922ddede2a6f2
Sivaji The Boss (Hindi Dub),movie,2007-06-14T18:30:00.000Z,/movie/watch-sivaji-the-boss-movie-online-49fec45136f60d05b5e21bfaeb26fbc9
Dangerous Khiladi Returns (Hindi Dub),movie,2007-03-15T18:30:00.000Z,/movie/watch-dangerous-khiladi-returns-movie-online-b14932e0cb28b9cd23329ad2efcdee1d
Kavan (Hindi Dub),movie,2017-03-30T18:30:00.000Z,/movie/watch-kavan-movie-online-a9d8e0fb1fd721edd8a888ce20769dde
Asuravadham (Hindi Dub),movie,2018-06-28T18:30:00.000Z,/movie/watch-asuravadham-movie-online-4866ab1431eb714513ae9cf4506de83a
The Return of Sikander (Hindi Dub),movie,2005-10-12T18:30:00.000Z,/movie/watch-the-return-of-sikander-movie-online-43397b39506ec789ee9ff50472d8e03b
Main Insaaf Karoonga 2 (Hindi Dub),movie,2004-11-11T18:30:00.000Z,/movie/watch-main-insaaf-karoonga-2-movie-online-5a85e55cca2be9932603802d89c10477
Mard The Khiladi (Hindi Dub),movie,2014-11-20T18:30:00.000Z,/movie/watch-mard-the-khiladi-movie-online-5345739c56529d3b304e970a75d11a8c
Aakhari Baazi  (Hindi Dub),movie,2019-04-19T18:30:00.000Z,/movie/watch-aakhari-baazi-hindi-dub-movie-online-712ae431ea2c675345ef526749cb6fe0
#Me Too - Short Film,movie,2018-03-06T00:00:00.000Z,/movie/watch-me-too-short-film-movie-online-6c6de81a1e1164a5805dfca7f9d7f8aa
ABC,movie,2018-06-03T18:30:00.000Z,/movie/watch-abc-movie-online-0ea6024856ced9f38d644f30daf7d360
Gutargu,movie,2017-11-22T18:30:00.000Z,/movie/watch-gutargu-movie-online-fe1d81c2fb2e96c032594665faa780c7
Kajal,movie,2018-05-05T18:30:00.000Z,/movie/watch-kajal-movie-online-bd329898ff12d5b683f0673bfd32ac71
Salt 'N' Pepper,movie,2018-06-02T18:30:00.000Z,/movie/watch-salt-n-pepper-movie-online-5a1b731322c49d24cb6d87bd50594025
Choices,movie,2017-06-12T18:30:00.000Z,/movie/watch-choices-movie-online-aadd5c5775cc073a1adbfcc411959bb4
Destiny's Two,movie,2018-06-03T18:30:00.000Z,/movie/watch-destinys-two-movie-online-2d395e5fb55f14bd85521bc33649ca91
Gutthi,movie,2018-06-03T18:30:00.000Z,/movie/watch-gutthi-movie-online-249721055e25c4a19ac66ec4a7c796bb
Eligible Bachelorette,movie,2018-06-03T18:30:00.000Z,/movie/watch-eligible-bachelorette-movie-online-b5a55aaf567c0cb01a041ea826a8234a
Kanche aur postcard,movie,2015-11-27T18:30:00.000Z,/movie/watch-kanche-aur-postcard-movie-online-7dae589405ed324d0c8c90379bcad944
Awara Paagal Deewana,movie,2002-06-19T18:30:00.000Z,/movie/watch-awara-paagal-deewana-movie-online-66c3756528a84c80e6842d63bffa1e54
Baghavat,movie,1981-12-31T18:30:00.000Z,/movie/watch-bhagavat-movie-online-35ec959b2f612cb1c0e36373c4a9ea6a
Jigarbaaz (Hindi Dub),movie,2017-07-27T18:30:00.000Z,/movie/watch-jigarbaaz-movie-online-b53de77ebfad6c1aa6914f6fcaaa28bf
Battledogs | Hindi Dub,movie,2012-12-30T18:30:00.000Z,/movie/watch-battledogs-hindi-dub-movie-online-f4397888b1c6d3fe70ec7da16cd57705
ACP Shiva (Hindi Dub),movie,2017-03-08T18:30:00.000Z,/movie/watch-acp-shiva-movie-online-1ddb619286e2bf160264d8292b65e34d
Khoonkhar (Hindi Dub),movie,2017-08-10T18:30:00.000Z,/movie/watch-khoonkhar-hindi-dub-movie-online-b63533b7ca713c05e8916c8a26db87c7
Gautamiputra Satakarni (Hindi Dub),movie,2017-01-11T18:30:00.000Z,/movie/watch-gautamiputra-satakarni-movie-online-fb1061a33f606b858f68d84f10f46a99
Savyasachi (Hindi Dub),movie,2018-11-01T18:30:00.000Z,/movie/watch-savyasachi-movie-online-5b408e7be59f69a56ee0a188395e4731
No. 1 Dilwala (Hindi Dub),movie,2017-10-26T18:30:00.000Z,/movie/watch-no-1-dilwala-movie-online-fe35984c7342f7b0390855fca5173a1e
Inspector Vijay (Hindi Dub),movie,2018-12-06T18:30:00.000Z,/movie/watch-inspector-vijay-movie-online-9475f027184e930478a887c0ad95e491
Sabse Bada Hungama (Hindi Dub),movie,2018-02-08T18:30:00.000Z,/movie/watch-sabse-bada-hungama-movie-online-fd30c3ec4cbb543d70849326a45ad551
Krishnarjuna Yuddham (Hindi Dub),movie,2018-04-11T18:30:00.000Z,/movie/watch-krishnarjuna-yuddham-movie-online-2b6952e1b98ec72baedc8b4dfcea3c51
Kasam Uparwale Ki (Hindi Dub),movie,2015-12-23T18:30:00.000Z,/movie/watch-kasam-uparwale-ki-movie-online-e3a47e76aefd6a636cbf983de76a746a
Savyasachi (Hindi Dub),movie,2018-11-01T18:30:00.000Z,/movie/watch-savyasachi-movie-online-5b408e7be59f69a56ee0a188395e4731
Main Hoon Rakshak,movie,2015-09-03T18:30:00.000Z,/movie/watch-main-hoon-rakshak-movie-online-e411aafef793612dd34667b9c775dc47
Rajkumar,movie,2009-01-13T18:30:00.000Z,/movie/watch-rajkumar-movie-online-574a442b4dd3445df2a2eb6c2e86e9ab
Dadagari 2,movie,2017-03-09T18:30:00.000Z,/movie/watch-dadagari-2-movie-online-26e27681a2fe5a7202a671accffd6c57
Shorgul,movie,2016-06-23T18:30:00.000Z,/movie/watch-shorgul-movie-online-3c7b159c7c9b905c6efa178114f8feec
Bhayanak A Mystery,movie,2005-09-06T18:30:00.000Z,/movie/watch-bhayanak-a-mystery-movie-online-01f18429e6c1d668046046cd70a3828d
Shaurya,movie,2008-04-03T18:30:00.000Z,/movie/watch-shaurya-movie-online-97305a59f0dc85a9c697c1e1fe1c7c66
Lori,movie,2017-07-06T18:30:00.000Z,/movie/watch-lori-movie-online-f3b80001937bb1a2a02d0d4d036236b3
Girl On Heels - Short Film,movie,2017-08-07T00:00:00.000Z,/movie/watch-girl-on-heels-short-film-movie-online-e760990fe31db3fc80b497bef45b11e8
The Guide,movie,2018-06-04T18:30:00.000Z,/movie/watch-the-guide-movie-online-e7274ca20e88b042aaebc038946b5c88
Salt 'N' Pepper,movie,2018-06-02T18:30:00.000Z,/movie/watch-salt-n-pepper-movie-online-5a1b731322c49d24cb6d87bd50594025
Papa,movie,2018-06-03T18:30:00.000Z,/movie/watch-papa-movie-online-bb4c27fb76b1196e4254885c24d86c3f
Choices,movie,2017-06-12T18:30:00.000Z,/movie/watch-choices-movie-online-aadd5c5775cc073a1adbfcc411959bb4
Dooriyan,movie,2016-08-02T18:30:00.000Z,/movie/watch-dooriyan-movie-online-95f10df8430ec6ecab5a705194f7c037
Dilli Vala Dost - Short Film,movie,2017-08-13T00:00:00.000Z,/movie/watch-dilli-vala-dost-short-film-movie-online-0aecbdef861649cdb0dea8378415a825
Maafinama,movie,2015-04-23T18:30:00.000Z,/movie/watch-maafinama-movie-online-029d9024803b7dae47c74a8abecee1ed
Bhindi - Bitter Sweet - Short Film,movie,2018-01-01T00:00:00.000Z,/movie/watch-bhindi-bitter-sweet-short-film-movie-online-83d6d3189989d0f57e10dd487d6bff34
Thugs Of Amrica (Hindi Dub),movie,2018-04-26T18:30:00.000Z,/movie/watch-thugs-of-amrica-movie-online-3acf0152b303385e3a1b4788635c17f3
Supreme Khiladi-2 (Hindi Dub),movie,2018-07-05T18:30:00.000Z,/movie/watch-supreme-khiladi2-movie-online-d4391c3cb036a08beceb8c1c5abc540e
Khiladi Khel Ka (Hindi Dub),movie,2016-11-10T18:30:00.000Z,/movie/watch-khiladi-khel-ka-hindi-dub-movie-online-a219208a6d4cc32caf75cea5d2d330bf
No. 1 Dilwala (Hindi Dub),movie,2017-10-26T18:30:00.000Z,/movie/watch-no-1-dilwala-movie-online-fe35984c7342f7b0390855fca5173a1e
Rowdy Raja (Hindi Dub),movie,2018-05-31T18:30:00.000Z,/movie/watch-rowdy-raja-movie-online-3af78e02cd13d36c490511a444f87053
Dashing Rambabu (Hindi Dub),movie,2017-09-14T18:30:00.000Z,/movie/watch-dashing-rambabu-movie-online-7022c3a35cdca76ee1fa29307ac24917
Naaga (Hindi Dub),movie,2017-11-16T18:30:00.000Z,/movie/watch-naaga-movie-online-f04f13e7447a85f5dce7a89d4d0df083
Daan Veer,movie,1996-09-19T18:30:00.000Z,/movie/watch-daan-veer-movie-online-fba0fe9a994d32d4122017efcd9f70ca
Gulebagavali,movie,2018-01-11T18:30:00.000Z,/movie/watch-gulebagavali-movie-online-734e26dc30a4802907312364f02d7454
Ek Khiladi,movie,2014-09-25T18:30:00.000Z,/movie/watch-ek-khiladi-movie-online-3e49000e1e506198654221ba5e74e2fc
Mr. Sukumar (Hindi Dub),movie,2013-05-09T18:30:00.000Z,/movie/watch-mr-sukumar-movie-online-9e9c4ddc465fdfbe71a7b89b0e756c78
Kaun Hai Villain (Hindi Dub),movie,2017-10-26T18:30:00.000Z,/movie/watch-kaun-hai-villain-movie-online-d313d400c51d4e515055845a60d3cff2
Daringbaaz Lootere (Hindi Dub),movie,2019-05-08T18:30:00.000Z,/movie/watch-daringbaaz-lootere-movie-online-d603afddee37b55838b823bcf850530b
Izzat Ke Khatir (Hindi Dub),movie,2014-11-06T18:30:00.000Z,/movie/watch-izzat-ke-khatir-hindi-dub-movie-online-6342712f507f3f572403ff8ef5aa1175
Intelligent Khiladi (Hindi Dub),movie,2018-08-02T18:30:00.000Z,/movie/watch-intelligent-khiladi-movie-online-197811e8617908c3d32f72bb9bfb2055
Zinda Hoon Mein (Hindi Dub),movie,2017-03-02T18:30:00.000Z,/movie/watch-zinda-hoon-mein-hindi-dub-movie-online-50e567f1b7e36fc95bc5fd54cae69fe9
Jigarbaaz (Hindi Dub),movie,2017-07-27T18:30:00.000Z,/movie/watch-jigarbaaz-movie-online-b53de77ebfad6c1aa6914f6fcaaa28bf
Gautamiputra Satakarni (Hindi Dub),movie,2017-01-11T18:30:00.000Z,/movie/watch-gautamiputra-satakarni-movie-online-fb1061a33f606b858f68d84f10f46a99
Kasam Khayi Hai (Hindi Dub),movie,2014-07-03T18:30:00.000Z,/movie/watch-kasam-khayi-hai-hindi-dub-movie-online-e97f0a7deedcfc4a496d25ae0a187759
Supreme Khiladi (Hindi Dub),movie,2016-05-04T18:30:00.000Z,/movie/watch-supreme-khiladi-movie-online-b17bd110d185c9e94e01c12d38467f16
Krishna,movie,2011-12-31T23:30:00.000Z,/movie/watch-krishna-movie-online-925c5cdd21fb13331e127682cac67241
Hanuman,movie,2011-12-31T23:30:00.000Z,/movie/watch-hanuman-movie-online-57c56a91cd48d5230d73a362ba9ff465
Mahabharat,movie,2013-12-26T18:30:00.000Z,/movie/watch-mahabharat-movie-online-2f7e080df4508369258f18f5409ada7c
Shiv Parvati,movie,2012-11-25T18:30:00.000Z,/movie/watch-shiv-parvati-movie-online-9ebb798e5e4c569b8349c61f6fa9b381
Veeno in Turkey (Hindi),movie,2019-01-08T00:00:00.000Z,/movie/watch-veeno-in-turkey-hindi-movie-online-30f440b274b05f68483b59358fb652ad
Krishna Aayo Natkhat Nandlal,movie,2005-12-31T18:30:00.000Z,/movie/watch-krishna-aayo-natkhat-nandlal-movie-online-a4ef59ceb3ac9d78df27e150e5582723
Ghatotkach,movie,2008-05-22T18:30:00.000Z,/movie/watch-ghatotkach-movie-online-972a87a0d0a8d3eb517ee54d5305e62b
Luv - Kush,movie,2011-12-31T18:30:00.000Z,/movie/watch-luv-kush-movie-online-4ff7512e256f8a5fab7ec4e1e0064331
"Sai Baba ""Sab Ka Mailk Ek""",movie,2011-12-31T18:30:00.000Z,/movie/watch-sai-baba-sab-ka-mailk-ek-movie-online-683a387760bf7a7461bf637891eeaea9
"Ramayan ""Prince Of Ayodhya""",movie,2011-12-31T18:30:00.000Z,/movie/watch-ramayan-prince-of-ayodhya-movie-online-57366ff3ff1afbd5af1b5e2dbdeeceaa
Gutargu,movie,2017-11-22T18:30:00.000Z,/movie/watch-gutargu-movie-online-fe1d81c2fb2e96c032594665faa780c7
Biryani ,movie,2018-02-20T18:30:00.000Z,/movie/watch-biryani-movie-online-b679a35dbbf2f0a5314db88658b1f544
Destiny's Two,movie,2018-06-03T18:30:00.000Z,/movie/watch-destinys-two-movie-online-2d395e5fb55f14bd85521bc33649ca91
Chapter Love - Short Film,movie,2018-05-24T00:00:00.000Z,/movie/watch-chapter-love-short-film-movie-online-3d2ccd4616ddea5bc00d924938ffc6cd
Ek Mulaqat - Shashank Vyas - Adaa Khan - Short Film,movie,2018-02-19T00:00:00.000Z,/movie/watch-ek-mulaqat-shashank-vyas-adaa-khan-short-film-movie-online-d41f2df5bf2c094816a99e04cb100b02
Meera,movie,2018-06-03T18:30:00.000Z,/movie/watch-meera-movie-online-0c079c227f47daaec0b57a3b576dcc83
Nil - Short Film,movie,2018-05-17T00:00:00.000Z,/movie/watch-nil-short-film-movie-online-22de2e11ad74bcc196a55193ab2f50e0
Matched! An India - Pakistan Independence Day Special,movie,2018-08-14T00:00:00.000Z,/movie/watch-matched-an-india-pakistan-independence-day-special-movie-online-766b6ce2dafadc1fd555829e65d78b01
Terms & Conditions Apply - Short Film,movie,2018-05-17T00:00:00.000Z,/movie/watch-terms-and-conditions-apply-short-film-movie-online-a1b0e1a8a494aa9fc358ed008ad2ff4a
Deja Brew,movie,2016-12-22T18:30:00.000Z,/movie/watch-deja-brew-movie-online-94669800fbdbb88e5c6a15d30d680ac7
Nela Ticket,movie,2018-05-24T18:30:00.000Z,/movie/watch-nela-ticket-movie-online-95dd6e4751cd44aa8d1fb13ed63ba4c6
Supreme Khiladi-2 (Hindi Dub),movie,2018-07-05T18:30:00.000Z,/movie/watch-supreme-khiladi2-movie-online-d4391c3cb036a08beceb8c1c5abc540e
Inspector Vijay (Hindi Dub),movie,2018-12-06T18:30:00.000Z,/movie/watch-inspector-vijay-movie-online-9475f027184e930478a887c0ad95e491
Savyasachi (Hindi Dub),movie,2018-11-01T18:30:00.000Z,/movie/watch-savyasachi-movie-online-5b408e7be59f69a56ee0a188395e4731
Sarrainodu (Hindi),movie,2017-01-01T00:00:00.000Z,/movie/watch-sarrainodu-hindi-movie-online-3624e517ee336ba0d9b63bf2bd857502
Theri,movie,2016-01-01T00:00:00.000Z,/movie/watch-theri-movie-online-03f114e7f992e895fc16a4687a93c30b
Janatha Garage,movie,2017-01-01T00:00:00.000Z,/movie/watch-janatha-garage-movie-online-04ce577554791f36d5a8211f1c48fdf6
The Strong Man Baadal,movie,2004-05-20T18:30:00.000Z,/movie/watch-the-strong-man-baadal-movie-online-b7b11cf0bc6e578b0620bd0f278edca3
The Return of Rebel,movie,2012-01-01T00:00:00.000Z,/movie/watch-the-return-of-rebel-movie-online-83bcb9a3ed45dfda3473d0a4c5305b62
Ek Yodha Shoorveer | Hindi Dub,movie,2016-12-30T18:30:00.000Z,/movie/watch-ek-yodha-shoorveer-hindi-dub-movie-online-6127d1d14cc91ef67c38c65692063436
3 idiots,movie,2009-12-24T18:30:00.000Z,/movie/watch-3-idiots-movie-online-e98e174d0ed8fc6d0ce63140c9759028
Dil Chahta Hai,movie,2001-07-23T18:30:00.000Z,/movie/watch-dil-chahta-hai-movie-online-2326acacb70000b32387afd5d9a6a632
Rang De Basanti,movie,2006-01-25T18:30:00.000Z,/movie/watch-rang-de-basanti-movie-online-b29d1edc875426265664ad8c118b0f98
Shandaar,movie,2015-10-21T18:30:00.000Z,/movie/watch-shandaar-movie-online-5efde15becc670c5af0c50f046948559
Agneepath,movie,2012-01-25T18:30:00.000Z,/movie/watch-agneepath-movie-online-a263630afc6c0479bac9e048c1e525b4
Jai Ho,movie,2014-01-23T18:30:00.000Z,/movie/watch-jai-ho-movie-online-b332800dc3b22fca636e7aabc881f73e
Taare Zameen Par,movie,2007-12-20T18:30:00.000Z,/movie/watch-taare-zameen-par-movie-online-f31127f5d17ef16a2e050bbe2681f523
All The Best,movie,2009-10-15T18:30:00.000Z,/movie/watch-all-the-best-movie-online-1e7284bb0605ee251b3f2c6c6c8957c5
Ab Tak Chappan,movie,2004-02-26T18:30:00.000Z,/movie/watch-ab-tak-chappan-movie-online-70b77c772e410563926cca74838cc0bb
Jodha Akbar,movie,2008-02-14T18:30:00.000Z,/movie/watch-jodha-akbar-movie-online-dcef35d301b29b12f0940c4267276722
Viruddh... Family Comes First,movie,2005-07-21T18:30:00.000Z,/movie/watch-viruddh-family-comes-first-movie-online-9440b555692f87bf38e6cf71f81b0043
Gangaajal,movie,2003-08-28T18:30:00.000Z,/movie/watch-gangaajal-movie-online-8d57cd9191863cf7298f8b123da63e42
Kurukshetra,movie,2000-11-09T18:30:00.000Z,/movie/watch-kurukshetra-movie-online-24df974420465768feba7a66d196e796
Maa Tujhe Salaam,movie,2002-01-24T18:30:00.000Z,/movie/watch-maa-tujhe-salaam-movie-online-72591fb33cd2f58a92a7fb4b5cacb73f
Kranti,movie,2002-03-07T18:30:00.000Z,/movie/watch-kranti-movie-online-9742199a45ee5be6e8c1e1b0dea2d36d
Vijeta,movie,1996-01-25T18:30:00.000Z,/movie/watch-vijeta-movie-online-ecda7a4b7a2ce767919e9d19602ace61
Nishabd,movie,2007-03-01T18:30:00.000Z,/movie/watch-nishabd-movie-online-4feadc5c5cadcab73b927ef54b1672db
Kismat,movie,2004-02-19T18:30:00.000Z,/movie/watch-kismat-movie-online-5320825522f13db28175339ec99f6e02
Aamdani Athani Kharcha Rupaiya,movie,2001-12-20T18:30:00.000Z,/movie/watch-aamdani-athani-kharcha-rupaiya-movie-online-f2f058a1e214f72ccaaaf64bdbf6bc78
Samundar,movie,1986-09-02T18:30:00.000Z,/movie/watch-samundar-movie-online-0db2bb3507f9eb9d62146c854d1966eb
Encounter Shankar (Hindi Dub),movie,2014-09-13T18:30:00.000Z,/movie/watch-encounter-shankar-movie-online-964179d06d06936fbc8c8506cd3e3b70
Main Hoon Ziddi,movie,2018-08-26T18:30:00.000Z,/movie/watch-main-hoon-ziddi-movie-online-e3b7528c6355d589edf059e008fd2df9
Khoonkhar (Hindi Dub),movie,2017-08-10T18:30:00.000Z,/movie/watch-khoonkhar-hindi-dub-movie-online-b63533b7ca713c05e8916c8a26db87c7
Yudh (Hindi Dub),movie,2017-12-31T18:30:00.000Z,/movie/watch-yudh-movie-online-b1ea827bc42a7c9f1a8e288ae0911f93
Aagadu (Hindi Dub),movie,2014-09-18T18:30:00.000Z,/movie/watch-aagadu-movie-online-0c91a1ecdd00df564ed0bc5489630039
ACP Shiva (Hindi Dub),movie,2017-03-08T18:30:00.000Z,/movie/watch-acp-shiva-movie-online-1ddb619286e2bf160264d8292b65e34d
Jurmana ,movie,2017-12-04T18:30:00.000Z,/movie/watch-jurmana-movie-online-400c20b66b78f8b0802186310a372ae7
Surya Ki Gang (Hindi Dub),movie,2018-01-11T18:30:00.000Z,/movie/watch-surya-ki-gang-hindi-dub-movie-online-b5cd3ae6042f1722e09a49189e87b3b7
Tabaahi Zulm KI (Hindi Dub),movie,2016-10-06T18:30:00.000Z,/movie/watch-tabaahi-zulm-ki-hindi-dub-movie-online-1af1182c6d30642abb127b531540ecf9
Surya The Fighter (Hindi Dub),movie,2018-02-13T18:30:00.000Z,/movie/watch-surya-the-fighter-movie-online-0281446783cc30ec63ed5af87bb97cd8
Khiladiyon Ka Khiladi,movie,1996-06-13T18:30:00.000Z,/movie/watch-khiladiyon-ka-khiladi-movie-online-f808c0e72b81987425097d1665f4beef
Khiladi 420,movie,2000-12-28T18:30:00.000Z,/movie/watch-khiladi-420-movie-online-b42ae10c1c9a3ac89268d5493a5f1a1a
Insaaf,movie,1997-05-29T18:30:00.000Z,/movie/watch-insaaf-movie-online-7e9f1b521349fab70d21ee5ab2e4893b
Namastey London,movie,2007-03-22T18:30:00.000Z,/movie/watch-namastey-london-movie-online-7bb64fef186e8968e0ddca49352e08f2
Entertainment,movie,2014-08-07T18:30:00.000Z,/movie/watch-entertainment-movie-online-8206d24f706cdcfc2079f5242fb48ca8
Aan: Men At Work,movie,2004-06-03T18:30:00.000Z,/movie/watch-aan-men-at-work-movie-online-3274def5a0284acc94d3b7b3e6e80df5
Potugadu (Hindi Dub),movie,2013-09-13T18:30:00.000Z,/movie/watch-potugadu-movie-online-1ed88754c91b14bd04b89eae0bb30f10
Sabse Bada Hungama (Hindi Dub),movie,2018-02-08T18:30:00.000Z,/movie/watch-sabse-bada-hungama-movie-online-fd30c3ec4cbb543d70849326a45ad551
Ram Ki Jung (Hindi Dub),movie,2010-11-25T18:30:00.000Z,/movie/watch-ram-ki-jung-movie-online-0380dc5dbe41dcdfd702cb41fce86e3e
Garam (Hindi Dub),movie,2016-02-11T18:30:00.000Z,/movie/watch-garam-movie-online-d3d62120ebf8331c934a66ed8cbc7840
Ladai Taqdeer Ki (Hindi Dub),movie,2001-05-17T18:30:00.000Z,/movie/watch-ladai-taqdeer-ki-movie-online-5b06200b0c6121845f9292b7c1f27bd9
Izzat Ke Khatir (Hindi Dub),movie,2014-11-06T18:30:00.000Z,/movie/watch-izzat-ke-khatir-hindi-dub-movie-online-6342712f507f3f572403ff8ef5aa1175
Disco Raja (Hindi Dub),movie,2016-06-02T18:30:00.000Z,/movie/watch-disco-raja-movie-online-64b4d9fa8c0d779ffffda1c9f0ccf27f
Fidaa,movie,2017-07-20T18:30:00.000Z,/movie/watch-fidaa-movie-online-a5807c1f4c8ee63a3e474d1164546239
Kasam Khayi Hai (Hindi Dub),movie,2014-07-03T18:30:00.000Z,/movie/watch-kasam-khayi-hai-hindi-dub-movie-online-e97f0a7deedcfc4a496d25ae0a187759
No. 1 Mr Perfect,movie,2011-04-21T18:30:00.000Z,/movie/watch-no-mr-perfect-movie-online-a51b83837ec06e05e94d27237bb3d125
Raman raghav 2.0,movie,2016-06-23T18:30:00.000Z,/movie/watch-raman-raghav-20-movie-online-ae6970677e367de894957b11f9f34f30
Paan Singh Tomar,movie,1931-12-31T18:30:00.000Z,/movie/watch-paan-singh-tomar-movie-online-6ff33c4009e1ac12e55c12d48fd66cdd
Shanghai ,movie,2012-06-07T18:30:00.000Z,/movie/watch-shanghai-movie-online-6a90ce2234e83cf4cb83c8a126c59436
Ugly,movie,2012-12-31T18:30:00.000Z,/movie/watch-ugly-movie-online-3f6b97f92abf0b332ba9efba43ebecb9
I AM,movie,2011-04-28T18:30:00.000Z,/movie/watch-i-am-movie-online-eb57e87c09915a4cd10c9faa16bf5c73
Midnight Children,movie,2013-01-31T18:30:00.000Z,/movie/watch-midnight-children-movie-online-255158501e2960ab3248f53e8baf3f02
Saat Uchakkey,movie,2016-10-13T18:30:00.000Z,/movie/watch-saat-uchakkey-movie-online-f141d8825d87e6438587fbe99c018f00
Lakshmi,movie,2014-03-20T18:30:00.000Z,/movie/watch-lakshmi-movie-online-f13e41d6644d8e8db33a9cf552adbaf9
Shaurya,movie,2008-04-03T18:30:00.000Z,/movie/watch-shaurya-movie-online-97305a59f0dc85a9c697c1e1fe1c7c66
Mai Aur Charles ,movie,2015-10-29T18:30:00.000Z,/movie/watch-mai-aur-charles-movie-online-89f8df9b0eee86c421131cd1e9966a1c
Eligible Bachelorette,movie,2018-06-03T18:30:00.000Z,/movie/watch-eligible-bachelorette-movie-online-b5a55aaf567c0cb01a041ea826a8234a
Happy Married Life,movie,2018-06-03T18:30:00.000Z,/movie/watch-happy-married-life-movie-online-af3860bd08016e129633c3e79615ac58
The Restaurant Couple,movie,2018-06-04T18:30:00.000Z,/movie/watch-the-restaurant-couple-movie-online-7da1d264555017238ddb3506d370a657
Varma Ji Ka Suitcase - Short Film,movie,2018-05-31T00:00:00.000Z,/movie/watch-varma-ji-ka-suitcase-short-film-movie-online-b64fc0803a08e06c5727f652b913ac75
Bharta,movie,2018-02-15T00:00:00.000Z,/movie/watch-bharta-movie-online-62b3b143ea8930f91205dcff11badc2e
Bless You Bollywood - Short Film,movie,2016-11-25T00:00:00.000Z,/movie/watch-bless-you-bollywood-short-film-movie-online-5c283276041cdb6257b61e689c149406
Honest Doctors - Short Film,movie,2018-10-09T00:00:00.000Z,/movie/watch-honest-doctors-short-film-movie-online-637b475ce35655f1b75c05b2b5f2a466
Devil Wears Kediya Part 1 (Gujarati) - Short Film,movie,2018-10-02T00:00:00.000Z,/movie/watch-devil-wears-kediya-part-1-gujarati-short-film-movie-online-1c0d65b5e9b976759a029ce3388a4a52
Friend Zoned - Short Film,movie,2018-05-10T00:00:00.000Z,/movie/watch-friend-zoned-short-film-movie-online-cf2bcf5366048a74fb85ffefb52f54cf
Tera Mera Pyar Amar - Short Film,movie,2018-02-21T00:00:00.000Z,/movie/watch-tera-mera-pyar-amar-short-film-movie-online-5632c5c237b71249d8f0487bac5fa66b
Yeh Jawaani Hai Deewani,movie,2013-05-30T18:30:00.000Z,/movie/watch-yeh-jawaani-hai-deewani-movie-online-e29ae4f44a28a5e4e6ae38c51f9c4494
Kaashmora 2,movie,2017-01-01T00:00:00.000Z,/movie/watch-kaashmora-2-movie-online-51cb21021f7ac0589829f7db00306022
Supreme Khiladi-2 (Hindi Dub),movie,2018-07-05T18:30:00.000Z,/movie/watch-supreme-khiladi2-movie-online-d4391c3cb036a08beceb8c1c5abc540e
Heart Attack 3,movie,2012-02-23T18:30:00.000Z,/movie/watch-heart-attack-3-movie-online-9fc734ad705381dc9f53771d1696ffd5
Savyasachi (Hindi Dub),movie,2018-11-01T18:30:00.000Z,/movie/watch-savyasachi-movie-online-5b408e7be59f69a56ee0a188395e4731
Sarrainodu (Hindi),movie,2017-01-01T00:00:00.000Z,/movie/watch-sarrainodu-hindi-movie-online-3624e517ee336ba0d9b63bf2bd857502
The Super Khiladi 3,movie,2010-10-13T18:30:00.000Z,/movie/watch-the-super-khiladi-3-movie-online-dcadd79d339a2be9581c0308ee80503d
DJ,movie,2017-06-22T18:30:00.000Z,/movie/watch-dj-movie-online-3f7de5a6ca099b1e5ef3f8dfa888fc8c
The Return of Rebel,movie,2012-01-01T00:00:00.000Z,/movie/watch-the-return-of-rebel-movie-online-83bcb9a3ed45dfda3473d0a4c5305b62
Agneepath,movie,2012-01-25T18:30:00.000Z,/movie/watch-agneepath-movie-online-a263630afc6c0479bac9e048c1e525b4
Phool Aur Kaante,movie,1991-11-21T18:30:00.000Z,/movie/watch-phool-aur-kaante-movie-online-4372de94e408755f2869dbda5cc4bddf
Jigar,movie,1992-01-01T00:00:00.000Z,/movie/watch-jigar-movie-online-3fd87d5aaecdbc9af13662125ab54584
Hogi Pyar Ki Jeet,movie,1999-01-01T00:00:00.000Z,/movie/watch-hogi-pyar-ki-jeet-movie-online-8bac54e042278b9f1ecb9ba48e63d9cd
Vijaypath,movie,1994-08-04T18:30:00.000Z,/movie/watch-vijaypath-movie-online-817138bf48564dc492f4f1fc9cb2eb9a
Veerana,movie,1988-05-05T18:30:00.000Z,/movie/watch-veerana-movie-online-29b7833a6b47fb6341c32106fd5f521b
Love,movie,1991-11-14T18:30:00.000Z,/movie/watch-love-movie-online-1eec644a05816561e089d518cea1bc72
Zor,movie,1998-01-01T00:00:00.000Z,/movie/watch-zor-movie-online-aeafe4344a42a91e8967d261828f1e03
Hum Bhi Insaan Hain,movie,1988-12-31T18:30:00.000Z,/movie/watch-hum-bhi-insaan-hain-movie-online-8a66811dbaf4331a11dfe47e90619a87
Angrakshak,movie,1995-01-01T00:00:00.000Z,/movie/watch-angrakshak-movie-online-1255ebe8aa87ec9aac84380affd6d757
Jawab Hum Denge,movie,1986-12-31T18:30:00.000Z,/movie/watch-jawab-hum-denge-movie-online-8d2a3254a4512533b2532a3a24c0ce66
